Generation,Fitness
0,1.5702774192013713
1,1.5702774192013713
2,1.5702774192013713
3,0.5738107277327105
